Sample,Genotype,Region,Vessel_Count,Region_Area_mm2,Density_per_mm2,RedPulp_Density,Density_Normalized
HDL011,C/C,Follicle,985,4.34,226.98,295.51,0.77
HDL053,C/C,Follicle,10669,32.94,323.87,391.23,0.83
HDL055,C/C,Follicle,1299,8.24,157.58,594.44,0.27
HDL043,C/T,Follicle,1198,18.32,65.38,204.88,0.32
HDL052,C/T,Follicle,152,1.49,102.32,321.31,0.32
HDL070,C/T,Follicle,2673,8.71,306.8,441.25,0.7
HDL086,C/T,Follicle,2030,15.05,134.91,337.7,0.4
1901HBMP004,T/T,Follicle,801,4.16,192.44,244.04,0.79
HDL063,T/T,Follicle,1799,15.26,117.87,437.5,0.27
HDL073,T/T,Follicle,919,3.75,245.32,202.94,1.21
HDL011,C/C,PALS,3456,11.35,304.44,295.51,1.03
HDL053,C/C,PALS,14539,28.51,509.97,391.23,1.3
HDL055,C/C,PALS,993,4.01,247.69,594.44,0.42
HDL043,C/T,PALS,1227,9.44,129.92,204.88,0.63
HDL052,C/T,PALS,121,0.87,138.72,321.31,0.43
HDL070,C/T,PALS,4250,9.99,425.48,441.25,0.96
HDL086,C/T,PALS,2385,12.33,193.49,337.7,0.57
1901HBMP004,T/T,PALS,8,0.4,20.24,244.04,0.08
HDL063,T/T,PALS,3193,11.2,285.08,437.5,0.65
HDL073,T/T,PALS,71,0.37,191.25,202.94,0.94
HDL011,C/C,RedPulp,27528,93.16,295.51,295.51,1.0
HDL053,C/C,RedPulp,41737,106.68,391.23,391.23,1.0
HDL055,C/C,RedPulp,63113,106.17,594.44,594.44,1.0
HDL043,C/T,RedPulp,24980,121.93,204.88,204.88,1.0
HDL052,C/T,RedPulp,14441,44.94,321.31,321.31,1.0
HDL070,C/T,RedPulp,23860,54.07,441.25,441.25,1.0
HDL086,C/T,RedPulp,37767,111.84,337.7,337.7,1.0
1901HBMP004,T/T,RedPulp,4378,17.94,244.04,244.04,1.0
HDL063,T/T,RedPulp,80949,185.02,437.5,437.5,1.0
HDL073,T/T,RedPulp,3674,18.1,202.94,202.94,1.0
HDL011,C/C,Trabeculae,57,2.68,21.24,295.51,0.07
HDL053,C/C,Trabeculae,393,4.71,83.37,391.23,0.21
HDL055,C/C,Trabeculae,4342,4.93,880.45,594.44,1.48
HDL043,C/T,Trabeculae,903,4.79,188.61,204.88,0.92
HDL052,C/T,Trabeculae,1270,3.6,352.77,321.31,1.1
HDL070,C/T,Trabeculae,533,1.27,418.51,441.25,0.95
HDL086,C/T,Trabeculae,780,6.11,127.58,337.7,0.38
1901HBMP004,T/T,Trabeculae,326,0.5,649.22,244.04,2.66
HDL063,T/T,Trabeculae,1520,11.14,136.46,437.5,0.31
HDL073,T/T,Trabeculae,90,1.12,80.04,202.94,0.39
