Sample,Genotype,Follicle_Count,Total_Fol_Area_mm2,Mean_Fol_Area_mm2,Fol_Fraction,Mean_Cell_Density
1901HBMP004,T/T,54,4.1624,0.0771,0.181,18277.1217
HDL011,C/C,128,4.3396,0.0339,0.0389,28912.8122
HDL043,C/T,176,18.3226,0.1041,0.1186,25451.8715
HDL052,C/T,30,1.4856,0.0495,0.0292,28021.3934
HDL053,C/C,406,32.9426,0.0811,0.1906,23505.9947
HDL055,C/C,220,8.2436,0.0375,0.0668,26172.1517
HDL063,T/T,293,15.2629,0.0521,0.0686,24375.1618
HDL070,C/T,243,8.7125,0.0359,0.1177,31620.6479
HDL073,T/T,182,3.7461,0.0206,0.1605,18639.2073
HDL086,C/T,147,15.0475,0.1024,0.1035,25156.0252
